id;street_address;postal_code;city;state_province
1;Harbor Montana;Corporate Phased relationships;Doyleberg;Generic neutral Salad
2;Auto Loan Account modular Refined;digital maroon;Tillmanmouth;back-end
3;granular Direct contextually-based;synergies copying;Gutmanntown;Borders
4;Bedfordshire Bahamian Dollar;24/7;Cummingsborough;Mauritania
5;facilitate Tasty Concrete Chips Exclusive;Buckinghamshire capability zero tolerance;East Leonardshire;paradigms Home
6;Investor Public-key;Lebanon;Port Kattie;Credit Card Account
7;navigate;Re-contextualized;Hilllview;Orchestrator deliver
8;Licensed hacking installation;Argentine Peso;McLaughlinborough;red firewall open-source
9;deposit Sausages;disintermediate Cambridgeshire hacking;Evanchester;azure
10;SMS Enhanced;Bacon Designer;Juniusberg;Executive
