id;title;description
1;payment calculating;local area network Benin
2;turn-key dedicated;Wisconsin
3;target Human withdrawal;dot-com payment Libyan Dinar
4;white sensor local;calculate
5;Chips;Villages uniform PCI
6;Automotive Tactics architectures;Wisconsin Facilitator Incredible
7;reinvent;eco-centric Bedfordshire mesh
8;Configuration UIC-Franc;Ergonomic Concrete Soap Zambian Kwacha
9;Concrete Bedfordshire;portal calculating Metal
10;real-time discrete redundant;Synergistic Personal Loan Account Sleek
